x,w01,w02
-1.0000,3.3768,4.2139,
-0.9980,3.3767,4.2139,
-0.9960,3.3766,4.2137,
-0.9940,3.3764,4.2135,
-0.9920,3.3760,4.2131,
-0.9900,3.3756,4.2127,
-0.9880,3.3750,4.2121,
-0.9860,3.3744,4.2115,
-0.9840,3.3737,4.2107,
-0.9820,3.3728,4.2099,
-0.9800,3.3719,4.2089,
-0.9780,3.3709,4.2079,
-0.9760,3.3698,4.2067,
-0.9740,3.3686,4.2055,
-0.9720,3.3672,4.2041,
-0.9700,3.3658,4.2027,
-0.9680,3.3643,4.2011,
-0.9660,3.3627,4.1995,
-0.9640,3.3610,4.1977,
-0.9620,3.3592,4.1959,
-0.9600,3.3573,4.1939,
-0.9580,3.3553,4.1919,
-0.9560,3.3532,4.1897,
-0.9540,3.3510,4.1875,
-0.9520,3.3487,4.1851,
-0.9499,3.3463,4.1826,
-0.9479,3.3438,4.1801,
-0.9459,3.3412,4.1774,
-0.9439,3.3386,4.1747,
-0.9419,3.3358,4.1718,
-0.9399,3.3329,4.1688,
-0.9379,3.3299,4.1658,
-0.9359,3.3268,4.1626,
-0.9339,3.3237,4.1593,
-0.9319,3.3204,4.1560,
-0.9299,3.3170,4.1525,
-0.9279,3.3135,4.1489,
-0.9259,3.3100,4.1452,
-0.9239,3.3063,4.1415,
-0.9219,3.3025,4.1376,
-0.9199,3.2987,4.1336,
-0.9179,3.2947,4.1295,
-0.9159,3.2906,4.1253,
-0.9139,3.2865,4.1210,
-0.9119,3.2822,4.1167,
-0.9099,3.2778,4.1122,
-0.9079,3.2734,4.1076,
-0.9059,3.2688,4.1029,
-0.9039,3.2641,4.0980,
-0.9019,3.2594,4.0931,
-0.8999,3.2545,4.0881,
-0.8979,3.2495,4.0830,
-0.8959,3.2445,4.0778,
-0.8939,3.2393,4.0725,
-0.8919,3.2341,4.0670,
-0.8899,3.2287,4.0615,
-0.8879,3.2232,4.0558,
-0.8859,3.2177,4.0501,
-0.8839,3.2120,4.0442,
-0.8819,3.2062,4.0383,
-0.8799,3.2004,4.0322,
-0.8779,3.1944,4.0260,
-0.8759,3.1883,4.0198,
-0.8739,3.1821,4.0134,
-0.8719,3.1759,4.0069,
-0.8699,3.1695,4.0003,
-0.8679,3.1630,3.9936,
-0.8659,3.1564,3.9868,
-0.8639,3.1497,3.9798,
-0.8619,3.1429,3.9728,
-0.8599,3.1361,3.9657,
-0.8579,3.1291,3.9584,
-0.8559,3.1220,3.9511,
-0.8539,3.1148,3.9436,
-0.8519,3.1075,3.9360,
-0.8498,3.1001,3.9283,
-0.8478,3.0925,3.9205,
-0.8458,3.0849,3.9126,
-0.8438,3.0772,3.9046,
-0.8418,3.0694,3.8964,
-0.8398,3.0614,3.8882,
-0.8378,3.0534,3.8798,
-0.8358,3.0453,3.8714,
-0.8338,3.0370,3.8628,
-0.8318,3.0287,3.8541,
-0.8298,3.0202,3.8452,
-0.8278,3.0117,3.8363,
-0.8258,3.0030,3.8273,
-0.8238,2.9942,3.8181,
-0.8218,2.9853,3.8088,
-0.8198,2.9763,3.7994,
-0.8178,2.9672,3.7899,
-0.8158,2.9580,3.7803,
-0.8138,2.9487,3.7705,
-0.8118,2.9393,3.7606,
-0.8098,2.9297,3.7506,
-0.8078,2.9201,3.7405,
-0.8058,2.9103,3.7303,
-0.8038,2.9005,3.7199,
-0.8018,2.8905,3.7094,
-0.7998,2.8804,3.6988,
-0.7978,2.8702,3.6881,
-0.7958,2.8599,3.6772,
-0.7938,2.8495,3.6662,
-0.7918,2.8390,3.6551,
-0.7898,2.8283,3.6438,
-0.7878,2.8176,3.6325,
-0.7858,2.8067,3.6210,
-0.7838,2.7957,3.6093,
-0.7818,2.7846,3.5975,
-0.7798,2.7734,3.5856,
-0.7778,2.7621,3.5736,
-0.7758,2.7507,3.5614,
-0.7738,2.7391,3.5491,
-0.7718,2.7274,3.5367,
-0.7698,2.7157,3.5241,
-0.7678,2.7037,3.5114,
-0.7658,2.6917,3.4985,
-0.7638,2.6796,3.4855,
-0.7618,2.6673,3.4723,
-0.7598,2.6549,3.4590,
-0.7578,2.6424,3.4456,
-0.7558,2.6298,3.4320,
-0.7538,2.6171,3.4182,
-0.7518,2.6042,3.4043,
-0.7497,2.5912,3.3903,
-0.7477,2.5781,3.3761,
-0.7457,2.5649,3.3617,
-0.7437,2.5515,3.3472,
-0.7417,2.5381,3.3325,
-0.7397,2.5245,3.3176,
-0.7377,2.5107,3.3026,
-0.7357,2.4969,3.2874,
-0.7337,2.4829,3.2721,
-0.7317,2.4688,3.2565,
-0.7297,2.4545,3.2408,
-0.7277,2.4402,3.2250,
-0.7257,2.4257,3.2089,
-0.7237,2.4110,3.1927,
-0.7217,2.3963,3.1762,
-0.7197,2.3814,3.1596,
-0.7177,2.3663,3.1428,
-0.7157,2.3512,3.1258,
-0.7137,2.3359,3.1086,
-0.7117,2.3204,3.0912,
-0.7097,2.3049,3.0736,
-0.7077,2.2892,3.0558,
-0.7057,2.2733,3.0378,
-0.7037,2.2573,3.0195,
-0.7017,2.2412,3.0011,
-0.6997,2.2249,2.9824,
-0.6977,2.2085,2.9635,
-0.6957,2.1920,2.9444,
-0.6937,2.1753,2.9250,
-0.6917,2.1584,2.9054,
-0.6897,2.1414,2.8856,
-0.6877,2.1243,2.8655,
-0.6857,2.1070,2.8451,
-0.6837,2.0895,2.8245,
-0.6817,2.0719,2.8036,
-0.6797,2.0542,2.7825,
-0.6777,2.0363,2.7610,
-0.6757,2.0182,2.7393,
-0.6737,2.0000,2.7174,
-0.6717,1.9816,2.6951,
-0.6697,1.9631,2.6725,
-0.6677,1.9444,2.6496,
-0.6657,1.9256,2.6264,
-0.6637,1.9065,2.6029,
-0.6617,1.8874,2.5791,
-0.6597,1.8680,2.5550,
-0.6577,1.8485,2.5305,
-0.6557,1.8288,2.5057,
-0.6537,1.8089,2.4805,
-0.6517,1.7889,2.4550,
-0.6496,1.7687,2.4291,
-0.6476,1.7483,2.4029,
-0.6456,1.7278,2.3763,
-0.6436,1.7070,2.3493,
-0.6416,1.6861,2.3219,
-0.6396,1.6650,2.2942,
-0.6376,1.6438,2.2660,
-0.6356,1.6223,2.2375,
-0.6336,1.6006,2.2085,
-0.6316,1.5788,2.1792,
-0.6296,1.5568,2.1494,
-0.6276,1.5346,2.1192,
-0.6256,1.5122,2.0886,
-0.6236,1.4896,2.0576,
-0.6216,1.4668,2.0262,
-0.6196,1.4438,1.9943,
-0.6176,1.4206,1.9620,
-0.6156,1.3972,1.9293,
-0.6136,1.3736,1.8962,
-0.6116,1.3498,1.8626,
-0.6096,1.3258,1.8286,
-0.6076,1.3016,1.7942,
-0.6056,1.2772,1.7594,
-0.6036,1.2526,1.7242,
-0.6016,1.2278,1.6885,
-0.5996,1.2027,1.6525,
-0.5976,1.1775,1.6161,
-0.5956,1.1521,1.5793,
-0.5936,1.1264,1.5421,
-0.5916,1.1006,1.5046,
-0.5896,1.0745,1.4667,
-0.5876,1.0483,1.4285,
-0.5856,1.0218,1.3900,
-0.5836,0.9952,1.3512,
-0.5816,0.9683,1.3121,
-0.5796,0.9413,1.2728,
-0.5776,0.9140,1.2332,
-0.5756,0.8866,1.1934,
-0.5736,0.8590,1.1534,
-0.5716,0.8312,1.1132,
-0.5696,0.8032,1.0728,
-0.5676,0.7751,1.0324,
-0.5656,0.7469,0.9919,
-0.5636,0.7185,0.9513,
-0.5616,0.6899,0.9106,
-0.5596,0.6613,0.8700,
-0.5576,0.6326,0.8294,
-0.5556,0.6037,0.7889,
-0.5536,0.5749,0.7486,
-0.5516,0.5459,0.7084,
-0.5495,0.5170,0.6684,
-0.5475,0.4881,0.6287,
-0.5455,0.4592,0.5893,
-0.5435,0.4305,0.5502,
-0.5415,0.4019,0.5117,
-0.5395,0.3734,0.4736,
-0.5375,0.3452,0.4361,
-0.5355,0.3173,0.3993,
-0.5335,0.2898,0.3633,
-0.5315,0.2627,0.3281,
-0.5295,0.2362,0.2938,
-0.5275,0.2104,0.2607,
-0.5255,0.1853,0.2288,
-0.5235,0.1611,0.1982,
-0.5215,0.1379,0.1691,
-0.5195,0.1159,0.1417,
-0.5175,0.0953,0.1161,
-0.5155,0.0762,0.0926,
-0.5135,0.0588,0.0713,
-0.5115,0.0433,0.0524,
-0.5095,0.0299,0.0362,
-0.5075,0.0189,0.0228,
-0.5055,0.0102,0.0124,
-0.5035,0.0041,0.0050,
-0.5015,0.0007,0.0009,
-0.4995,0.0000,0.0001,
-0.4975,0.0021,0.0026,
-0.4955,0.0068,0.0083,
-0.4935,0.0142,0.0172,
-0.4915,0.0241,0.0291,
-0.4895,0.0364,0.0440,
-0.4875,0.0508,0.0615,
-0.4855,0.0673,0.0816,
-0.4835,0.0855,0.1041,
-0.4815,0.1054,0.1286,
-0.4795,0.1267,0.1552,
-0.4775,0.1493,0.1834,
-0.4755,0.1730,0.2133,
-0.4735,0.1977,0.2446,
-0.4715,0.2232,0.2771,
-0.4695,0.2494,0.3108,
-0.4675,0.2762,0.3456,
-0.4655,0.3035,0.3812,
-0.4635,0.3312,0.4176,
-0.4615,0.3593,0.4548,
-0.4595,0.3876,0.4926,
-0.4575,0.4161,0.5309,
-0.4555,0.4448,0.5697,
-0.4535,0.4737,0.6089,
-0.4515,0.5025,0.6485,
-0.4494,0.5315,0.6883,
-0.4474,0.5604,0.7284,
-0.4454,0.5893,0.7687,
-0.4434,0.6182,0.8092,
-0.4414,0.6469,0.8497,
-0.4394,0.6756,0.8903,
-0.4374,0.7042,0.9309,
-0.4354,0.7327,0.9716,
-0.4334,0.7610,1.0121,
-0.4314,0.7892,1.0526,
-0.4294,0.8172,1.0930,
-0.4274,0.8451,1.1333,
-0.4254,0.8728,1.1734,
-0.4234,0.9003,1.2133,
-0.4214,0.9277,1.2530,
-0.4194,0.9548,1.2925,
-0.4174,0.9818,1.3317,
-0.4154,1.0085,1.3707,
-0.4134,1.0351,1.4093,
-0.4114,1.0614,1.4477,
-0.4094,1.0876,1.4857,
-0.4074,1.1135,1.5234,
-0.4054,1.1393,1.5608,
-0.4034,1.1648,1.5977,
-0.4014,1.1901,1.6343,
-0.3994,1.2153,1.6706,
-0.3974,1.2402,1.7064,
-0.3954,1.2649,1.7418,
-0.3934,1.2894,1.7768,
-0.3914,1.3137,1.8115,
-0.3894,1.3378,1.8457,
-0.3874,1.3617,1.8794,
-0.3854,1.3854,1.9128,
-0.3834,1.4089,1.9457,
-0.3814,1.4322,1.9782,
-0.3794,1.4553,2.0103,
-0.3774,1.4782,2.0419,
-0.3754,1.5009,2.0732,
-0.3734,1.5234,2.1040,
-0.3714,1.5457,2.1344,
-0.3694,1.5678,2.1643,
-0.3674,1.5898,2.1939,
-0.3654,1.6115,2.2231,
-0.3634,1.6330,2.2518,
-0.3614,1.6544,2.2801,
-0.3594,1.6756,2.3081,
-0.3574,1.6966,2.3357,
-0.3554,1.7174,2.3628,
-0.3534,1.7381,2.3896,
-0.3514,1.7585,2.4161,
-0.3493,1.7788,2.4421,
-0.3473,1.7989,2.4678,
-0.3453,1.8189,2.4931,
-0.3433,1.8387,2.5181,
-0.3413,1.8583,2.5428,
-0.3393,1.8777,2.5671,
-0.3373,1.8970,2.5911,
-0.3353,1.9161,2.6147,
-0.3333,1.9350,2.6381,
-0.3313,1.9538,2.6611,
-0.3293,1.9724,2.6838,
-0.3273,1.9908,2.7063,
-0.3253,2.0091,2.7284,
-0.3233,2.0273,2.7502,
-0.3213,2.0453,2.7718,
-0.3193,2.0631,2.7931,
-0.3173,2.0807,2.8141,
-0.3153,2.0983,2.8348,
-0.3133,2.1156,2.8553,
-0.3113,2.1329,2.8755,
-0.3093,2.1499,2.8955,
-0.3073,2.1668,2.9152,
-0.3053,2.1836,2.9347,
-0.3033,2.2003,2.9540,
-0.3013,2.2167,2.9730,
-0.2993,2.2331,2.9918,
-0.2973,2.2493,3.0103,
-0.2953,2.2653,3.0287,
-0.2933,2.2813,3.0468,
-0.2913,2.2970,3.0647,
-0.2893,2.3127,3.0824,
-0.2873,2.3282,3.0999,
-0.2853,2.3435,3.1172,
-0.2833,2.3588,3.1343,
-0.2813,2.3739,3.1512,
-0.2793,2.3888,3.1679,
-0.2773,2.4037,3.1845,
-0.2753,2.4184,3.2008,
-0.2733,2.4329,3.2170,
-0.2713,2.4474,3.2329,
-0.2693,2.4617,3.2487,
-0.2673,2.4758,3.2643,
-0.2653,2.4899,3.2798,
-0.2633,2.5038,3.2950,
-0.2613,2.5176,3.3101,
-0.2593,2.5313,3.3251,
-0.2573,2.5448,3.3398,
-0.2553,2.5582,3.3545,
-0.2533,2.5715,3.3689,
-0.2513,2.5847,3.3832,
-0.2492,2.5977,3.3973,
-0.2472,2.6107,3.4113,
-0.2452,2.6235,3.4251,
-0.2432,2.6361,3.4388,
-0.2412,2.6487,3.4523,
-0.2392,2.6611,3.4657,
-0.2372,2.6735,3.4789,
-0.2352,2.6857,3.4920,
-0.2332,2.6978,3.5050,
-0.2312,2.7097,3.5177,
-0.2292,2.7216,3.5304,
-0.2272,2.7333,3.5429,
-0.2252,2.7449,3.5553,
-0.2232,2.7564,3.5675,
-0.2212,2.7678,3.5796,
-0.2192,2.7791,3.5916,
-0.2172,2.7902,3.6034,
-0.2152,2.8012,3.6152,
-0.2132,2.8122,3.6267,
-0.2112,2.8230,3.6382,
-0.2092,2.8337,3.6495,
-0.2072,2.8443,3.6607,
-0.2052,2.8547,3.6717,
-0.2032,2.8651,3.6826,
-0.2012,2.8753,3.6934,
-0.1992,2.8855,3.7041,
-0.1972,2.8955,3.7147,
-0.1952,2.9054,3.7251,
-0.1932,2.9152,3.7354,
-0.1912,2.9249,3.7456,
-0.1892,2.9345,3.7556,
-0.1872,2.9440,3.7656,
-0.1852,2.9534,3.7754,
-0.1832,2.9626,3.7851,
-0.1812,2.9718,3.7947,
-0.1792,2.9808,3.8041,
-0.1772,2.9898,3.8135,
-0.1752,2.9986,3.8227,
-0.1732,3.0073,3.8318,
-0.1712,3.0159,3.8408,
-0.1692,3.0245,3.8497,
-0.1672,3.0329,3.8584,
-0.1652,3.0412,3.8671,
-0.1632,3.0494,3.8756,
-0.1612,3.0574,3.8840,
-0.1592,3.0654,3.8923,
-0.1572,3.0733,3.9005,
-0.1552,3.0811,3.9086,
-0.1532,3.0887,3.9166,
-0.1512,3.0963,3.9244,
-0.1491,3.1038,3.9322,
-0.1471,3.1111,3.9398,
-0.1451,3.1184,3.9473,
-0.1431,3.1255,3.9548,
-0.1411,3.1326,3.9621,
-0.1391,3.1395,3.9693,
-0.1371,3.1464,3.9763,
-0.1351,3.1531,3.9833,
-0.1331,3.1597,3.9902,
-0.1311,3.1663,3.9970,
-0.1291,3.1727,4.0036,
-0.1271,3.1790,4.0102,
-0.1251,3.1852,4.0166,
-0.1231,3.1914,4.0229,
-0.1211,3.1974,4.0291,
-0.1191,3.2033,4.0353,
-0.1171,3.2091,4.0413,
-0.1151,3.2148,4.0472,
-0.1131,3.2205,4.0530,
-0.1111,3.2260,4.0587,
-0.1091,3.2314,4.0643,
-0.1071,3.2367,4.0698,
-0.1051,3.2419,4.0751,
-0.1031,3.2470,4.0804,
-0.1011,3.2520,4.0856,
-0.0991,3.2570,4.0906,
-0.0971,3.2618,4.0956,
-0.0951,3.2665,4.1005,
-0.0931,3.2711,4.1052,
-0.0911,3.2756,4.1099,
-0.0891,3.2800,4.1144,
-0.0871,3.2843,4.1189,
-0.0851,3.2885,4.1232,
-0.0831,3.2927,4.1274,
-0.0811,3.2967,4.1316,
-0.0791,3.3006,4.1356,
-0.0771,3.3044,4.1395,
-0.0751,3.3081,4.1434,
-0.0731,3.3118,4.1471,
-0.0711,3.3153,4.1507,
-0.0691,3.3187,4.1542,
-0.0671,3.3220,4.1577,
-0.0651,3.3253,4.1610,
-0.0631,3.3284,4.1642,
-0.0611,3.3314,4.1673,
-0.0591,3.3343,4.1703,
-0.0571,3.3372,4.1732,
-0.0551,3.3399,4.1761,
-0.0531,3.3425,4.1788,
-0.0511,3.3451,4.1814,
-0.0490,3.3475,4.1839,
-0.0470,3.3499,4.1863,
-0.0450,3.3521,4.1886,
-0.0430,3.3543,4.1908,
-0.0410,3.3563,4.1929,
-0.0390,3.3583,4.1949,
-0.0370,3.3601,4.1968,
-0.0350,3.3619,4.1986,
-0.0330,3.3635,4.2003,
-0.0310,3.3651,4.2019,
-0.0290,3.3665,4.2034,
-0.0270,3.3679,4.2048,
-0.0250,3.3692,4.2061,
-0.0230,3.3703,4.2073,
-0.0210,3.3714,4.2084,
-0.0190,3.3724,4.2094,
-0.0170,3.3733,4.2103,
-0.0150,3.3741,4.2111,
-0.0130,3.3747,4.2118,
-0.0110,3.3753,4.2124,
-0.0090,3.3758,4.2129,
-0.0070,3.3762,4.2133,
-0.0050,3.3765,4.2136,
-0.0030,3.3767,4.2138,
-0.0010,3.3768,4.2139,
0.0010,3.3768,4.2139,
0.0030,3.3767,4.2138,
0.0050,3.3765,4.2136,
0.0070,3.3762,4.2133,
0.0090,3.3758,4.2129,
0.0110,3.3753,4.2124,
0.0130,3.3747,4.2118,
0.0150,3.3741,4.2111,
0.0170,3.3733,4.2103,
0.0190,3.3724,4.2094,
0.0210,3.3714,4.2084,
0.0230,3.3703,4.2073,
0.0250,3.3692,4.2061,
0.0270,3.3679,4.2048,
0.0290,3.3665,4.2034,
0.0310,3.3651,4.2019,
0.0330,3.3635,4.2003,
0.0350,3.3619,4.1986,
0.0370,3.3601,4.1968,
0.0390,3.3583,4.1949,
0.0410,3.3563,4.1929,
0.0430,3.3543,4.1908,
0.0450,3.3521,4.1886,
0.0470,3.3499,4.1863,
0.0490,3.3475,4.1839,
0.0511,3.3451,4.1814,
0.0531,3.3425,4.1788,
0.0551,3.3399,4.1761,
0.0571,3.3372,4.1732,
0.0591,3.3343,4.1703,
0.0611,3.3314,4.1673,
0.0631,3.3284,4.1642,
0.0651,3.3253,4.1610,
0.0671,3.3220,4.1577,
0.0691,3.3187,4.1542,
0.0711,3.3153,4.1507,
0.0731,3.3118,4.1471,
0.0751,3.3081,4.1434,
0.0771,3.3044,4.1395,
0.0791,3.3006,4.1356,
0.0811,3.2967,4.1316,
0.0831,3.2927,4.1274,
0.0851,3.2885,4.1232,
0.0871,3.2843,4.1189,
0.0891,3.2800,4.1144,
0.0911,3.2756,4.1099,
0.0931,3.2711,4.1052,
0.0951,3.2665,4.1005,
0.0971,3.2618,4.0956,
0.0991,3.2570,4.0906,
0.1011,3.2520,4.0856,
0.1031,3.2470,4.0804,
0.1051,3.2419,4.0751,
0.1071,3.2367,4.0698,
0.1091,3.2314,4.0643,
0.1111,3.2260,4.0587,
0.1131,3.2205,4.0530,
0.1151,3.2148,4.0472,
0.1171,3.2091,4.0413,
0.1191,3.2033,4.0353,
0.1211,3.1974,4.0291,
0.1231,3.1914,4.0229,
0.1251,3.1852,4.0166,
0.1271,3.1790,4.0102,
0.1291,3.1727,4.0036,
0.1311,3.1663,3.9970,
0.1331,3.1597,3.9902,
0.1351,3.1531,3.9833,
0.1371,3.1464,3.9763,
0.1391,3.1395,3.9693,
0.1411,3.1326,3.9621,
0.1431,3.1255,3.9548,
0.1451,3.1184,3.9473,
0.1471,3.1111,3.9398,
0.1491,3.1038,3.9322,
0.1512,3.0963,3.9244,
0.1532,3.0887,3.9166,
0.1552,3.0811,3.9086,
0.1572,3.0733,3.9005,
0.1592,3.0654,3.8923,
0.1612,3.0574,3.8840,
0.1632,3.0494,3.8756,
0.1652,3.0412,3.8671,
0.1672,3.0329,3.8584,
0.1692,3.0245,3.8497,
0.1712,3.0159,3.8408,
0.1732,3.0073,3.8318,
0.1752,2.9986,3.8227,
0.1772,2.9898,3.8135,
0.1792,2.9808,3.8041,
0.1812,2.9718,3.7947,
0.1832,2.9626,3.7851,
0.1852,2.9534,3.7754,
0.1872,2.9440,3.7656,
0.1892,2.9345,3.7556,
0.1912,2.9249,3.7456,
0.1932,2.9152,3.7354,
0.1952,2.9054,3.7251,
0.1972,2.8955,3.7147,
0.1992,2.8855,3.7041,
0.2012,2.8753,3.6934,
0.2032,2.8651,3.6826,
0.2052,2.8547,3.6717,
0.2072,2.8443,3.6607,
0.2092,2.8337,3.6495,
0.2112,2.8230,3.6382,
0.2132,2.8122,3.6267,
0.2152,2.8012,3.6152,
0.2172,2.7902,3.6034,
0.2192,2.7791,3.5916,
0.2212,2.7678,3.5796,
0.2232,2.7564,3.5675,
0.2252,2.7449,3.5553,
0.2272,2.7333,3.5429,
0.2292,2.7216,3.5304,
0.2312,2.7097,3.5177,
0.2332,2.6978,3.5050,
0.2352,2.6857,3.4920,
0.2372,2.6735,3.4789,
0.2392,2.6611,3.4657,
0.2412,2.6487,3.4523,
0.2432,2.6361,3.4388,
0.2452,2.6235,3.4251,
0.2472,2.6107,3.4113,
0.2492,2.5977,3.3973,
0.2513,2.5847,3.3832,
0.2533,2.5715,3.3689,
0.2553,2.5582,3.3545,
0.2573,2.5448,3.3398,
0.2593,2.5313,3.3251,
0.2613,2.5176,3.3101,
0.2633,2.5038,3.2950,
0.2653,2.4899,3.2798,
0.2673,2.4758,3.2643,
0.2693,2.4617,3.2487,
0.2713,2.4474,3.2329,
0.2733,2.4329,3.2170,
0.2753,2.4184,3.2008,
0.2773,2.4037,3.1845,
0.2793,2.3888,3.1679,
0.2813,2.3739,3.1512,
0.2833,2.3588,3.1343,
0.2853,2.3435,3.1172,
0.2873,2.3282,3.0999,
0.2893,2.3127,3.0824,
0.2913,2.2970,3.0647,
0.2933,2.2813,3.0468,
0.2953,2.2653,3.0287,
0.2973,2.2493,3.0103,
0.2993,2.2331,2.9918,
0.3013,2.2167,2.9730,
0.3033,2.2003,2.9540,
0.3053,2.1836,2.9347,
0.3073,2.1668,2.9152,
0.3093,2.1499,2.8955,
0.3113,2.1329,2.8755,
0.3133,2.1156,2.8553,
0.3153,2.0983,2.8348,
0.3173,2.0807,2.8141,
0.3193,2.0631,2.7931,
0.3213,2.0453,2.7718,
0.3233,2.0273,2.7502,
0.3253,2.0091,2.7284,
0.3273,1.9908,2.7063,
0.3293,1.9724,2.6838,
0.3313,1.9538,2.6611,
0.3333,1.9350,2.6381,
0.3353,1.9161,2.6147,
0.3373,1.8970,2.5911,
0.3393,1.8777,2.5671,
0.3413,1.8583,2.5428,
0.3433,1.8387,2.5181,
0.3453,1.8189,2.4931,
0.3473,1.7989,2.4678,
0.3493,1.7788,2.4421,
0.3514,1.7585,2.4161,
0.3534,1.7381,2.3896,
0.3554,1.7174,2.3628,
0.3574,1.6966,2.3357,
0.3594,1.6756,2.3081,
0.3614,1.6544,2.2801,
0.3634,1.6330,2.2518,
0.3654,1.6115,2.2231,
0.3674,1.5898,2.1939,
0.3694,1.5678,2.1643,
0.3714,1.5457,2.1344,
0.3734,1.5234,2.1040,
0.3754,1.5009,2.0732,
0.3774,1.4782,2.0419,
0.3794,1.4553,2.0103,
0.3814,1.4322,1.9782,
0.3834,1.4089,1.9457,
0.3854,1.3854,1.9128,
0.3874,1.3617,1.8794,
0.3894,1.3378,1.8457,
0.3914,1.3137,1.8115,
0.3934,1.2894,1.7768,
0.3954,1.2649,1.7418,
0.3974,1.2402,1.7064,
0.3994,1.2153,1.6706,
0.4014,1.1901,1.6343,
0.4034,1.1648,1.5977,
0.4054,1.1393,1.5608,
0.4074,1.1135,1.5234,
0.4094,1.0876,1.4857,
0.4114,1.0614,1.4477,
0.4134,1.0351,1.4093,
0.4154,1.0085,1.3707,
0.4174,0.9818,1.3317,
0.4194,0.9548,1.2925,
0.4214,0.9277,1.2530,
0.4234,0.9003,1.2133,
0.4254,0.8728,1.1734,
0.4274,0.8451,1.1333,
0.4294,0.8172,1.0930,
0.4314,0.7892,1.0526,
0.4334,0.7610,1.0121,
0.4354,0.7327,0.9716,
0.4374,0.7042,0.9309,
0.4394,0.6756,0.8903,
0.4414,0.6469,0.8497,
0.4434,0.6182,0.8092,
0.4454,0.5893,0.7687,
0.4474,0.5604,0.7284,
0.4494,0.5315,0.6883,
0.4515,0.5025,0.6485,
0.4535,0.4737,0.6089,
0.4555,0.4448,0.5697,
0.4575,0.4161,0.5309,
0.4595,0.3876,0.4926,
0.4615,0.3593,0.4548,
0.4635,0.3312,0.4176,
0.4655,0.3035,0.3812,
0.4675,0.2762,0.3456,
0.4695,0.2494,0.3108,
0.4715,0.2232,0.2771,
0.4735,0.1977,0.2446,
0.4755,0.1730,0.2133,
0.4775,0.1493,0.1834,
0.4795,0.1267,0.1552,
0.4815,0.1054,0.1286,
0.4835,0.0855,0.1041,
0.4855,0.0673,0.0816,
0.4875,0.0508,0.0615,
0.4895,0.0364,0.0440,
0.4915,0.0241,0.0291,
0.4935,0.0142,0.0172,
0.4955,0.0068,0.0083,
0.4975,0.0021,0.0026,
0.4995,0.0000,0.0001,
0.5015,0.0007,0.0009,
0.5035,0.0041,0.0050,
0.5055,0.0102,0.0124,
0.5075,0.0189,0.0228,
0.5095,0.0299,0.0362,
0.5115,0.0433,0.0524,
0.5135,0.0588,0.0713,
0.5155,0.0762,0.0926,
0.5175,0.0953,0.1161,
0.5195,0.1159,0.1417,
0.5215,0.1379,0.1691,
0.5235,0.1611,0.1982,
0.5255,0.1853,0.2288,
0.5275,0.2104,0.2607,
0.5295,0.2362,0.2938,
0.5315,0.2627,0.3281,
0.5335,0.2898,0.3633,
0.5355,0.3173,0.3993,
0.5375,0.3452,0.4361,
0.5395,0.3734,0.4736,
0.5415,0.4019,0.5117,
0.5435,0.4305,0.5502,
0.5455,0.4592,0.5893,
0.5475,0.4881,0.6287,
0.5495,0.5170,0.6684,
0.5516,0.5459,0.7084,
0.5536,0.5749,0.7486,
0.5556,0.6037,0.7889,
0.5576,0.6326,0.8294,
0.5596,0.6613,0.8700,
0.5616,0.6899,0.9106,
0.5636,0.7185,0.9513,
0.5656,0.7469,0.9919,
0.5676,0.7751,1.0324,
0.5696,0.8032,1.0728,
0.5716,0.8312,1.1132,
0.5736,0.8590,1.1534,
0.5756,0.8866,1.1934,
0.5776,0.9140,1.2332,
0.5796,0.9413,1.2728,
0.5816,0.9683,1.3121,
0.5836,0.9952,1.3512,
0.5856,1.0218,1.3900,
0.5876,1.0483,1.4285,
0.5896,1.0745,1.4667,
0.5916,1.1006,1.5046,
0.5936,1.1264,1.5421,
0.5956,1.1521,1.5793,
0.5976,1.1775,1.6161,
0.5996,1.2027,1.6525,
0.6016,1.2278,1.6885,
0.6036,1.2526,1.7242,
0.6056,1.2772,1.7594,
0.6076,1.3016,1.7942,
0.6096,1.3258,1.8286,
0.6116,1.3498,1.8626,
0.6136,1.3736,1.8962,
0.6156,1.3972,1.9293,
0.6176,1.4206,1.9620,
0.6196,1.4438,1.9943,
0.6216,1.4668,2.0262,
0.6236,1.4896,2.0576,
0.6256,1.5122,2.0886,
0.6276,1.5346,2.1192,
0.6296,1.5568,2.1494,
0.6316,1.5788,2.1792,
0.6336,1.6006,2.2085,
0.6356,1.6223,2.2375,
0.6376,1.6438,2.2660,
0.6396,1.6650,2.2942,
0.6416,1.6861,2.3219,
0.6436,1.7070,2.3493,
0.6456,1.7278,2.3763,
0.6476,1.7483,2.4029,
0.6496,1.7687,2.4291,
0.6517,1.7889,2.4550,
0.6537,1.8089,2.4805,
0.6557,1.8288,2.5057,
0.6577,1.8485,2.5305,
0.6597,1.8680,2.5550,
0.6617,1.8874,2.5791,
0.6637,1.9065,2.6029,
0.6657,1.9256,2.6264,
0.6677,1.9444,2.6496,
0.6697,1.9631,2.6725,
0.6717,1.9816,2.6951,
0.6737,2.0000,2.7174,
0.6757,2.0182,2.7393,
0.6777,2.0363,2.7610,
0.6797,2.0542,2.7825,
0.6817,2.0719,2.8036,
0.6837,2.0895,2.8245,
0.6857,2.1070,2.8451,
0.6877,2.1243,2.8655,
0.6897,2.1414,2.8856,
0.6917,2.1584,2.9054,
0.6937,2.1753,2.9250,
0.6957,2.1920,2.9444,
0.6977,2.2085,2.9635,
0.6997,2.2249,2.9824,
0.7017,2.2412,3.0011,
0.7037,2.2573,3.0195,
0.7057,2.2733,3.0378,
0.7077,2.2892,3.0558,
0.7097,2.3049,3.0736,
0.7117,2.3204,3.0912,
0.7137,2.3359,3.1086,
0.7157,2.3512,3.1258,
0.7177,2.3663,3.1428,
0.7197,2.3814,3.1596,
0.7217,2.3963,3.1762,
0.7237,2.4110,3.1927,
0.7257,2.4257,3.2089,
0.7277,2.4402,3.2250,
0.7297,2.4545,3.2408,
0.7317,2.4688,3.2565,
0.7337,2.4829,3.2721,
0.7357,2.4969,3.2874,
0.7377,2.5107,3.3026,
0.7397,2.5245,3.3176,
0.7417,2.5381,3.3325,
0.7437,2.5515,3.3472,
0.7457,2.5649,3.3617,
0.7477,2.5781,3.3761,
0.7497,2.5912,3.3903,
0.7518,2.6042,3.4043,
0.7538,2.6171,3.4182,
0.7558,2.6298,3.4320,
0.7578,2.6424,3.4456,
0.7598,2.6549,3.4590,
0.7618,2.6673,3.4723,
0.7638,2.6796,3.4855,
0.7658,2.6917,3.4985,
0.7678,2.7037,3.5114,
0.7698,2.7157,3.5241,
0.7718,2.7274,3.5367,
0.7738,2.7391,3.5491,
0.7758,2.7507,3.5614,
0.7778,2.7621,3.5736,
0.7798,2.7734,3.5856,
0.7818,2.7846,3.5975,
0.7838,2.7957,3.6093,
0.7858,2.8067,3.6210,
0.7878,2.8176,3.6325,
0.7898,2.8283,3.6438,
0.7918,2.8390,3.6551,
0.7938,2.8495,3.6662,
0.7958,2.8599,3.6772,
0.7978,2.8702,3.6881,
0.7998,2.8804,3.6988,
0.8018,2.8905,3.7094,
0.8038,2.9005,3.7199,
0.8058,2.9103,3.7303,
0.8078,2.9201,3.7405,
0.8098,2.9297,3.7506,
0.8118,2.9393,3.7606,
0.8138,2.9487,3.7705,
0.8158,2.9580,3.7803,
0.8178,2.9672,3.7899,
0.8198,2.9763,3.7994,
0.8218,2.9853,3.8088,
0.8238,2.9942,3.8181,
0.8258,3.0030,3.8273,
0.8278,3.0117,3.8363,
0.8298,3.0202,3.8452,
0.8318,3.0287,3.8541,
0.8338,3.0370,3.8628,
0.8358,3.0453,3.8714,
0.8378,3.0534,3.8798,
0.8398,3.0614,3.8882,
0.8418,3.0694,3.8964,
0.8438,3.0772,3.9046,
0.8458,3.0849,3.9126,
0.8478,3.0925,3.9205,
0.8498,3.1001,3.9283,
0.8519,3.1075,3.9360,
0.8539,3.1148,3.9436,
0.8559,3.1220,3.9511,
0.8579,3.1291,3.9584,
0.8599,3.1361,3.9657,
0.8619,3.1429,3.9728,
0.8639,3.1497,3.9798,
0.8659,3.1564,3.9868,
0.8679,3.1630,3.9936,
0.8699,3.1695,4.0003,
0.8719,3.1759,4.0069,
0.8739,3.1821,4.0134,
0.8759,3.1883,4.0198,
0.8779,3.1944,4.0260,
0.8799,3.2004,4.0322,
0.8819,3.2062,4.0383,
0.8839,3.2120,4.0442,
0.8859,3.2177,4.0501,
0.8879,3.2232,4.0558,
0.8899,3.2287,4.0615,
0.8919,3.2341,4.0670,
0.8939,3.2393,4.0725,
0.8959,3.2445,4.0778,
0.8979,3.2495,4.0830,
0.8999,3.2545,4.0881,
0.9019,3.2594,4.0931,
0.9039,3.2641,4.0980,
0.9059,3.2688,4.1029,
0.9079,3.2734,4.1076,
0.9099,3.2778,4.1122,
0.9119,3.2822,4.1167,
0.9139,3.2865,4.1210,
0.9159,3.2906,4.1253,
0.9179,3.2947,4.1295,
0.9199,3.2987,4.1336,
0.9219,3.3025,4.1376,
0.9239,3.3063,4.1415,
0.9259,3.3100,4.1452,
0.9279,3.3135,4.1489,
0.9299,3.3170,4.1525,
0.9319,3.3204,4.1560,
0.9339,3.3237,4.1593,
0.9359,3.3268,4.1626,
0.9379,3.3299,4.1658,
0.9399,3.3329,4.1688,
0.9419,3.3358,4.1718,
0.9439,3.3386,4.1747,
0.9459,3.3412,4.1774,
0.9479,3.3438,4.1801,
0.9499,3.3463,4.1826,
0.9520,3.3487,4.1851,
0.9540,3.3510,4.1875,
0.9560,3.3532,4.1897,
0.9580,3.3553,4.1919,
0.9600,3.3573,4.1939,
0.9620,3.3592,4.1959,
0.9640,3.3610,4.1977,
0.9660,3.3627,4.1995,
0.9680,3.3643,4.2011,
0.9700,3.3658,4.2027,
0.9720,3.3672,4.2041,
0.9740,3.3686,4.2055,
0.9760,3.3698,4.2067,
0.9780,3.3709,4.2079,
0.9800,3.3719,4.2089,
0.9820,3.3728,4.2099,
0.9840,3.3737,4.2107,
0.9860,3.3744,4.2115,
0.9880,3.3750,4.2121,
0.9900,3.3756,4.2127,
0.9920,3.3760,4.2131,
0.9940,3.3764,4.2135,
0.9960,3.3766,4.2137,
0.9980,3.3767,4.2139,
1.0000,3.3768,4.2139,
